row_id,Artist,Track,Label,group,score,prediction,correct,confidence
1125,goddess,sexual,1,1124,0.015331302031302032,0,False,0.9846686979686979
2886,susan boyle,wild horses,1,2875,0.02962284316990199,0,False,0.9703771568300981
1019,michael jackson,will you be there,1,254,0.02970140415140415,0,False,0.9702985958485959
682,metallica,cyanide,1,87,0.06226331609566903,0,False,0.937736683904331
1996,pearl jam,given to fly,1,531,0.09625147728088905,0,False,0.903748522719111
3063,the postal service,we will become silhouettes,1,3051,0.1110323847918881,0,False,0.8889676152081118
620,shades,serenade,1,620,0.12086795622677973,0,False,0.8791320437732203
3694,kid cudi,marijuana,1,893,0.1268108368755428,0,False,0.8731891631244573
1459,the prodigy,firestarter,1,1457,0.1280921315526579,0,False,0.8719078684473421
265,inxs,beautiful girl,1,199,0.13081245225362875,0,False,0.8691875477463713
3158,vitamin c,graduation (friends forever),1,501,0.1374355422773985,0,False,0.8625644577226015
2864,staind,for you,1,1441,0.13761625041625042,0,False,0.8623837495837496
3192,dragonforce,through the fire and flames,1,3180,0.13765376845376845,0,False,0.8623462315462316
173,the presets,if i know you,0,13,0.8562798646152798,1,False,0.8562798646152798
1370,stereo mcs,elevate my mind,1,1368,0.16042624597624602,0,False,0.839573754023754
2167,enrique iglesias,can you hear me,0,1412,0.8369185813031784,1,False,0.8369185813031784
1497,enrique iglesias,do you know? (the ping pong song),0,1412,0.833134994334849,1,False,0.833134994334849
1769,sergio mendes,puzzle of hearts,0,1766,0.8177255929177855,1,False,0.8177255929177855
645,mark wills,how bad do you want it,0,212,0.8112050946169712,1,False,0.8112050946169712
3733,creed,my sacrifice,1,3715,0.18891312162210003,0,False,0.8110868783779
