feature,auc_drop_mean,auc_drop_std
Instrumentalness,0.10243754418257237,0.012398874414007326
Danceability,0.03916076454190169,0.004872493489393537
Acousticness,0.0384064930041481,0.00841807137837701
Loudness,0.032421671801848614,0.009982217417882674
Speechiness,0.025447827884705107,0.006545532854542195
Valence,0.010947274352100049,0.004264785517440864
Energy,0.006811785576140691,0.003613944496600538
Tempo,0.0021514411854933893,0.004069787409400787
Liveness,0.0018906806450321575,0.004802331579303069
