model,cv_auc_mean,cv_auc_std,fold_1_auc,fold_2_auc,fold_3_auc
Random forest depth=16,0.8009960626266027,0.007857110254421627,0.789897825787808,0.8060728182323514,0.8070175438596492
Random forest depth=8,0.795837501647166,0.007858246331358575,0.7848751204073208,0.7997382805262182,0.8028991040079593
Neural network (16),0.7866714244835059,0.020747068857478335,0.7595322462272374,0.7905838891977025,0.8098981380255783
RBF SVM C=1,0.7830043110558037,0.014562037591840944,0.7624105545617174,0.7932531962201222,0.7933491823855716
RBF SVM C=10,0.7759186522376377,0.009861244663977186,0.7631501995321316,0.7774458032240134,0.787159953956768
Logistic regression C=1,0.7716465925255988,0.02173689599272111,0.7416947617081785,0.7806304428386142,0.7926145730300034
Logistic regression C=0.1,0.7713284573707971,0.02204117048204265,0.7405766937296454,0.7822922456920511,0.7911164326906948
Linear discriminant analysis,0.7655190476325823,0.025891403480959717,0.7289086509793128,0.7832707985918103,0.7843776933266235
Majority baseline,0.5,0.0,0.5,0.5,0.5
