threshold,validation_f1
0.1,0.6461159062885327
0.11,0.6509316770186335
0.12,0.651685393258427
0.13,0.6523388116308471
0.13999999999999999,0.6590038314176245
0.14999999999999997,0.6649484536082474
0.15999999999999998,0.6718954248366014
0.16999999999999998,0.6754617414248021
0.17999999999999997,0.6790945406125166
0.18999999999999995,0.679144385026738
0.19999999999999996,0.6818791946308724
0.20999999999999996,0.6883468834688347
0.21999999999999995,0.6893732970027248
0.22999999999999993,0.6904109589041096
0.23999999999999994,0.69432918395574
0.24999999999999994,0.6981919332406119
0.2599999999999999,0.700139470013947
0.2699999999999999,0.7014084507042253
0.2799999999999999,0.7094017094017094
0.2899999999999999,0.7107913669064748
0.29999999999999993,0.7053701015965167
0.3099999999999999,0.705710102489019
0.3199999999999999,0.7020648967551623
0.3299999999999999,0.7034277198211625
0.33999999999999986,0.7009063444108762
0.34999999999999987,0.700152207001522
0.3599999999999999,0.6953846153846154
0.3699999999999999,0.69375
0.3799999999999999,0.6888888888888889
0.38999999999999985,0.6924315619967794
0.39999999999999986,0.6893203883495146
0.40999999999999986,0.68
0.4199999999999998,0.6767676767676768
0.4299999999999998,0.6666666666666666
0.43999999999999984,0.6573913043478261
0.44999999999999984,0.6595744680851063
0.45999999999999985,0.6570397111913358
0.4699999999999998,0.656934306569343
0.4799999999999998,0.6556169429097606
0.4899999999999998,0.6504672897196262
0.4999999999999998,0.6577437858508605
0.5099999999999998,0.6563706563706564
0.5199999999999998,0.6457925636007827
0.5299999999999998,0.6322067594433399
0.5399999999999998,0.6134969325153374
0.5499999999999998,0.592436974789916
0.5599999999999998,0.5805084745762712
0.5699999999999997,0.5608695652173913
0.5799999999999997,0.5543237250554324
0.5899999999999997,0.5396825396825397
0.5999999999999998,0.5287356321839081
0.6099999999999998,0.5176470588235295
0.6199999999999998,0.5108433734939759
0.6299999999999998,0.4963144963144963
0.6399999999999997,0.467005076142132
0.6499999999999997,0.4512820512820513
0.6599999999999997,0.4263157894736842
0.6699999999999997,0.41711229946524064
0.6799999999999997,0.39452054794520547
0.6899999999999997,0.3585434173669468
0.6999999999999997,0.3390804597701149
0.7099999999999997,0.3026706231454006
0.7199999999999998,0.29253731343283584
0.7299999999999996,0.25625
0.7399999999999997,0.21153846153846154
0.7499999999999997,0.1895424836601307
0.7599999999999997,0.16611295681063123
0.7699999999999997,0.15488215488215487
0.7799999999999997,0.14285714285714285
0.7899999999999997,0.1111111111111111
0.7999999999999996,0.09154929577464789
0.8099999999999996,0.07142857142857142
0.8199999999999996,0.043478260869565216
0.8299999999999996,0.043478260869565216
0.8399999999999996,0.029197080291970802
0.8499999999999996,0.014760147601476014
0.8599999999999997,0.0
0.8699999999999997,0.0
0.8799999999999997,0.0
0.8899999999999996,0.0
0.8999999999999996,0.0
